{
  "0": {
    "36239": 31379
  },
  "1": {
    "72661": 65914
  },
  "2": {
    "55070": 47276
  },
  "3": {
    "50765": 45726
  },
  "4": {
    "77444": 72143
  },
  "5": {
    "58394": 50392
  },
  "6": {
    "31492": 28512
  },
  "7": {
    "35103": 31917
  },
  "8": {
    "67354": 62683
  },
  "9": {
    "68518": 61525
  },
  "10": {
    "58566": 50116
  },
  "11": {
    "52910": 46590
  },
  "12": {
    "35849": 24748
  },
  "13": {
    "50472": 44708
  },
  "14": {
    "47153": 40350
  },
  "15": {
    "16108": 17090
  },
  "16": {
    "27610": 24173
  },
  "17": {
    "35771": 31296
  },
  "18": {
    "33350": 31712
  },
  "19": {
    "30636": 33248
  },
  "20": {
    "39381": 37265
  },
  "21": {
    "61053": 39116
  },
  "22": {
    "67890": 70961
  },
  "23": {
    "67232": 58606
  },
  "24": {
    "69713": 62445
  },
  "25": {
    "3241": 1034,
    "11474": 7476,
    "12229": 8262
  },
  "26": {
    "56464": 47281
  },
  "27": {
    "54819": 40982
  },
  "28": {
    "64139": 59799
  },
  "29": {
    "35948": 30926
  },
  "30": {
    "72309": 65894
  },
  "31": {
    "67378": 62557
  },
  "32": {
    "34325": 31300
  }
}