{
  "0": {
    "40859": 39911
  },
  "1": {
    "15796": 14453
  },
  "2": {
    "927": 11750
  },
  "3": {
    "26947": 27765
  },
  "4": {
    "25680": 31706
  },
  "5": {
    "24198": 25122,
    "30518": 31597
  },
  "6": {
    "29415": 31505
  },
  "7": {
    "33646": 29297
  },
  "8": {
    "6419": 5336
  },
  "9": {
    "1395": 2369
  },
  "10": {
    "5053": 3508
  },
  "11": {
    "12644": 12533
  },
  "12": {
    "19164": 19027
  },
  "13": {
    "43416": 44461,
    "46193": 49020
  }
}