{
  "0": {
    "7718": 6111
  },
  "1": {
    "27181": 26462
  },
  "2": {
    "53011": 51827
  },
  "3": {
    "31644": 30888
  },
  "4": {
    "31673": 28556
  },
  "5": {
    "60932": 71697
  },
  "6": {
    "52037": 32297
  },
  "7": {
    "51557": 53560
  },
  "8": {
    "39201": 49929,
    "50015": 48951
  },
  "9": {
    "25450": 44609
  },
  "10": {
    "78290": 77613
  },
  "11": {
    "20792": 21030
  },
  "12": {
    "19349": 20095
  },
  "13": {
    "58392": 56849
  },
  "14": {
    "79377": 79437
  },
  "15": {
    "57765": 55308,
    "66875": 68626
  },
  "16": {
    "64787": 64787
  },
  "17": {
    "64727": 66605
  },
  "18": {
    "18051": 16877
  },
  "19": {
    "74730": 74522
  },
  "20": {
    "73465": 74042
  }
}