{
  "0": {
    "38873": 33302,
    "62427": 58531
  },
  "1": {
    "46467": 47185
  },
  "2": {
    "23416": 28667
  },
  "3": {
    "33800": 35571,
    "58752": 60222
  },
  "4": {
    "36216": 36686
  },
  "5": {
    "66706": 68000
  },
  "6": {
    "52918": 51213
  },
  "7": {
    "73230": 73254
  },
  "8": {
    "46180": 46199
  },
  "9": {
    "68275": 67910
  },
  "10": {
    "71965": 76655
  },
  "11": {
    "5188": 4949
  },
  "12": {
    "66607": 68227
  },
  "13": {
    "49443": 49638
  },
  "14": {
    "25956": 20284
  },
  "15": {
    "11270": 11596
  },
  "16": {
    "12448": 5516
  },
  "17": {
    "5806": 15611
  },
  "18": {
    "6882": 7891
  },
  "19": {
    "41403": 10713
  },
  "20": {
    "22254": 21056
  },
  "21": {
    "19593": 18093
  },
  "22": {
    "19100": 20307
  },
  "23": {
    "18086": 18454
  },
  "24": {
    "2863": 2970
  },
  "25": {
    "1221": 1973
  },
  "26": {
    "2624": 1726
  },
  "27": {
    "4712": 3312
  },
  "28": {
    "13483": 12772
  },
  "29": {
    "13445": 11729
  },
  "30": {
    "13760": 11380
  },
  "31": {
    "31125": 31124
  },
  "32": {
    "58323": 42957
  }
}