{
  "0": {
    "5974": 9538
  },
  "1": {
    "9222": 8716
  },
  "2": {
    "14469": 10321,
    "15365": 14805
  },
  "3": {
    "857": 1489
  },
  "4": {
    "39989": 39119
  },
  "5": {
    "27804": 28339
  },
  "6": {
    "4543": 3621
  },
  "7": {
    "35343": 30884
  },
  "8": {
    "34280": 31844
  },
  "9": {
    "7716": 8651
  },
  "10": {
    "7381": 6334
  },
  "11": {
    "25037": 23439
  },
  "12": {
    "12013": 11846,
    "25767": 22862
  },
  "13": {
    "8418": 7621
  },
  "14": {
    "13115": 11556
  },
  "15": {
    "5714": 4147
  },
  "16": {
    "8124": 4895
  },
  "17": {
    "15655": 13013
  },
  "18": {
    "19362": 17701
  },
  "19": {
    "17593": 16238
  },
  "20": {
    "21008": 17431
  },
  "21": {
    "34651": 33489
  },
  "22": {
    "38589": 37185,
    "42363": 40741
  }
}