{
  "0": {
    "10092": 17402
  },
  "1": {
    "17015": 18341
  },
  "2": {
    "5832": 8245
  },
  "3": {
    "31961": 30797
  },
  "4": {
    "47848": 49838
  },
  "5": {
    "29718": 29178
  },
  "6": {
    "32140": 29755
  },
  "7": {
    "32136": 29998
  },
  "8": {
    "17722": 15210
  },
  "9": {
    "16042": 14571,
    "18132": 17755
  },
  "10": {
    "6390": 8693,
    "10628": 13254,
    "19891": 21771,
    "34896": 35196
  },
  "11": {
    "33944": 441
  },
  "12": {
    "17618": 19022
  },
  "13": {
    "57481": 57493
  },
  "14": {
    "4173": 3377
  },
  "15": {
    "24429": 5006
  },
  "16": {
    "31589": 32552
  },
  "17": {
    "8570": 6312
  },
  "18": {
    "9826": 9046
  },
  "19": {
    "29736": 32045
  },
  "20": {
    "28628": 33208
  },
  "21": {
    "30431": 38273
  },
  "22": {
    "14524": 14523
  },
  "23": {
    "17882": 14149
  },
  "24": {
    "45738": 43795
  }
}