{
  "0": {
    "36928": 28369
  },
  "1": {
    "15980": 7594
  },
  "2": {
    "64496": 49528
  },
  "3": {
    "49323": 35608
  },
  "4": {
    "14555": 6291
  },
  "5": {
    "53637": 40613
  },
  "6": {
    "30547": 16154
  },
  "7": {
    "33036": 16817
  },
  "8": {
    "22471": 5795
  },
  "9": {
    "14841": 2038
  },
  "10": {
    "35316": 21107
  },
  "11": {
    "42909": 31448
  },
  "12": {
    "43377": 29078
  },
  "13": {
    "41543": 24335
  },
  "14": {
    "45064": 31836
  },
  "15": {
    "62892": 48287
  },
  "16": {
    "64355": 51515
  },
  "17": {
    "65845": 52538
  },
  "18": {
    "51917": 39574,
    "55164": 42587
  },
  "19": {
    "52228": 43478
  },
  "20": {
    "49274": 34077
  },
  "21": {
    "48267": 35294
  },
  "22": {
    "23172": 5882
  },
  "23": {
    "18993": 7775
  },
  "24": {
    "16758": 4458
  },
  "25": {
    "21837": 10584
  }
}