{
  "0": {
    "42662": 30929,
    "51216": 51087
  },
  "1": {
    "34545": 38587
  },
  "2": {
    "48997": 69436
  },
  "3": {
    "25120": 34728,
    "64155": 20934
  },
  "4": {
    "55620": 57987
  },
  "5": {
    "70891": 70577
  },
  "6": {
    "29502": 27262
  },
  "7": {
    "67287": 78019
  },
  "8": {
    "77339": 77874
  },
  "9": {
    "71803": 72965
  },
  "10": {
    "60702": 62044
  },
  "11": {
    "53371": 62846
  },
  "12": {
    "14944": 15784
  },
  "13": {
    "14466": 16729
  },
  "14": {
    "641": 7396
  },
  "15": {
    "24542": 23359
  },
  "16": {
    "38406": 10936
  },
  "17": {
    "37351": 40004
  },
  "18": {
    "40752": 40759
  },
  "19": {
    "69287": 69077
  }
}