{
  "0": {
    "17756": 18838
  },
  "1": {
    "7733": 8349
  },
  "2": {
    "37912": 26336
  },
  "3": {
    "27912": 21172
  },
  "4": {
    "31125": 21980
  },
  "5": {
    "39455": 33025
  },
  "6": {
    "13409": 3262
  },
  "7": {
    "29556": 33134
  },
  "8": {
    "26554": 18198
  },
  "9": {
    "36505": 35954
  },
  "10": {
    "11232": 31589
  },
  "11": {
    "21326": 13579,
    "23687": 16652
  },
  "12": {
    "6651": 1139
  },
  "13": {
    "13138": 7955
  },
  "14": {
    "13581": 6635
  },
  "15": {
    "46927": 39642
  },
  "16": {
    "16947": 10159
  },
  "17": {
    "27236": 20744
  },
  "18": {
    "43800": 35314
  },
  "19": {
    "6268": 16557
  },
  "20": {
    "25554": 19004
  },
  "21": {
    "41573": 36839
  },
  "22": {
    "41694": 37852,
    "42821": 35793
  },
  "23": {
    "14403": 8271
  }
}