{
  "0": {
    "6746": 2315
  },
  "1": {
    "1701": 14680
  },
  "2": {
    "33617": 18799,
    "36153": 34045
  },
  "3": {
    "36213": 34947
  },
  "4": {
    "26651": 29014
  },
  "5": {
    "22970": 23197
  },
  "6": {
    "19750": 19139
  },
  "7": {
    "18883": 21224
  },
  "8": {
    "26114": 25996
  },
  "9": {
    "31250": 31219
  },
  "10": {
    "29641": 35929
  },
  "11": {
    "27434": 25453
  },
  "12": {
    "28549": 25490
  },
  "13": {
    "22842": 23007
  },
  "14": {
    "21673": 21511
  },
  "15": {
    "23165": 22079
  },
  "16": {
    "11375": 9975
  },
  "17": {
    "11198": 9768
  },
  "18": {
    "1150": 774,
    "10599": 10661
  },
  "19": {
    "4893": 4835
  },
  "20": {
    "6351": 5401
  }
}