{
  "0": {
    "51913": 51484
  },
  "1": {
    "32409": 32539
  },
  "2": {
    "27800": 26245
  },
  "3": {
    "32194": 50063
  },
  "4": {
    "50472": 51181
  },
  "5": {
    "40889": 39735
  },
  "6": {
    "62376": 61055
  },
  "7": {
    "56980": 54379
  },
  "8": {
    "42801": 44939
  },
  "9": {
    "67366": 59219
  },
  "10": {
    "62470": 59254
  },
  "11": {
    "63149": 58047
  },
  "12": {
    "45869": 45885
  },
  "13": {
    "15540": 18201,
    "40691": 54674
  },
  "14": {
    "52722": 36057
  },
  "15": {
    "29871": 28699
  },
  "16": {
    "43731": 41087
  },
  "17": {
    "42434": 42486
  },
  "18": {
    "45655": 46514
  },
  "19": {
    "22757": 37496
  },
  "20": {
    "9383": 32653
  },
  "21": {
    "2398": 4971
  },
  "22": {
    "4454": 5686
  },
  "23": {
    "36372": 27940
  },
  "24": {
    "7921": 7566,
    "29527": 29162
  },
  "25": {
    "7407": 7116
  },
  "26": {
    "9379": 11706
  },
  "27": {
    "10844": 2362
  },
  "28": {
    "343": 99
  },
  "29": {
    "53075": 36519
  },
  "30": {
    "50306": 31000
  }
}