{
  "0": {
    "17644": 28193
  },
  "1": {
    "43078": 44885
  },
  "2": {
    "68277": 68791
  },
  "3": {
    "69120": 69678
  },
  "4": {
    "49763": 49425
  },
  "5": {
    "21594": 23246
  },
  "6": {
    "26777": 24367
  },
  "7": {
    "72787": 71912
  },
  "8": {
    "21871": 21091
  },
  "9": {
    "21287": 22482
  },
  "10": {
    "64738": 44118,
    "67077": 69478
  },
  "11": {
    "60187": 60579
  },
  "12": {
    "29975": 32406
  },
  "13": {
    "12417": 11820
  },
  "14": {
    "54775": 77427
  }
}