{
  "0": {
    "71498": 95145
  },
  "1": {
    "115605": 115137
  },
  "2": {
    "109968": 110140
  },
  "3": {
    "32242": 63290
  },
  "4": {
    "78259": 76644
  },
  "5": {
    "81116": 66162
  },
  "6": {
    "55660": 55850
  },
  "7": {
    "46510": 48205
  },
  "8": {
    "19842": 19091
  },
  "9": {
    "104215": 86951
  },
  "10": {
    "46130": 47751,
    "107849": 110925
  },
  "11": {
    "96089": 98554
  },
  "12": {
    "90564": 90801
  },
  "13": {
    "73686": 96546
  },
  "14": {
    "52869": 55472
  },
  "15": {
    "27244": 27648
  },
  "16": {
    "16294": 15994
  },
  "17": {
    "78647": 76393
  },
  "18": {
    "54211": 54619
  },
  "19": {
    "27688": 28119
  },
  "20": {
    "17443": 27904
  },
  "21": {
    "33902": 32722
  },
  "22": {
    "22286": 20816
  },
  "23": {
    "10698": 7507
  },
  "24": {
    "476": 475
  },
  "25": {
    "21252": 22606
  },
  "26": {
    "22307": 22894
  },
  "27": {
    "42383": 46371
  }
}