{
  "0": {
    "35023": 51082
  },
  "1": {
    "84799": 90844
  },
  "2": {
    "57224": 81162,
    "61760": 62929
  },
  "3": {
    "13148": 13148
  },
  "4": {
    "9021": 9944
  },
  "5": {
    "9934": 10058,
    "11622": 12080
  },
  "6": {
    "5128": 5154,
    "6626": 6634
  },
  "7": {
    "6095": 11793
  },
  "8": {
    "70720": 71148
  },
  "9": {
    "41218": 41417
  },
  "10": {
    "86212": 75863
  },
  "11": {
    "84234": 70823
  },
  "12": {
    "70337": 73851
  },
  "13": {
    "83968": 83489
  }
}