{
  "0": {
    "37400": 37036,
    "42754": 41378
  },
  "1": {
    "53285": 52001
  },
  "2": {
    "6724": 3839
  },
  "3": {
    "55719": 57222
  },
  "4": {
    "17010": 15893
  },
  "5": {
    "16626": 17071
  },
  "6": {
    "15730": 15768
  },
  "7": {
    "470": 10620
  },
  "8": {
    "56121": 56815
  },
  "9": {
    "27165": 38483
  },
  "10": {
    "19707": 18847
  },
  "11": {
    "64764": 57985
  },
  "12": {
    "4209": 3880
  },
  "13": {
    "2066": 3474
  },
  "14": {
    "39980": 38602
  },
  "15": {
    "40470": 38710
  },
  "16": {
    "37979": 38502
  },
  "17": {
    "48504": 44964
  },
  "18": {
    "36477": 44272
  },
  "19": {
    "41331": 40535
  },
  "20": {
    "14678": 17809
  },
  "21": {
    "11847": 34173
  },
  "22": {
    "10796": 10086
  },
  "23": {
    "19489": 8632
  },
  "24": {
    "27120": 23566
  },
  "25": {
    "11103": 18109
  },
  "26": {
    "15345": 16126
  },
  "27": {
    "3126": 1853,
    "8359": 7834
  },
  "28": {
    "8057": 7349
  },
  "29": {
    "20806": 20321
  },
  "30": {
    "50364": 49198
  },
  "31": {
    "59513": 54536
  },
  "32": {
    "56296": 56653
  },
  "33": {
    "60057": 56135
  },
  "34": {
    "39183": 37812
  },
  "35": {
    "40331": 38961
  }
}