{
  "0": {
    "26629": 28002
  },
  "1": {
    "89169": 88645
  },
  "2": {
    "94644": 94109
  },
  "3": {
    "42462": 59456
  },
  "4": {
    "53918": 43932
  },
  "5": {
    "88743": 87721
  },
  "6": {
    "32649": 31878
  },
  "7": {
    "58830": 58931
  },
  "8": {
    "61307": 61306
  },
  "9": {
    "49294": 47916
  },
  "10": {
    "65194": 81506
  },
  "11": {
    "1198": 77,
    "6935": 6659
  },
  "12": {
    "21056": 57501
  },
  "13": {
    "28702": 56012
  },
  "14": {
    "40087": 40738
  },
  "15": {
    "29179": 31523
  },
  "16": {
    "19570": 19850
  },
  "17": {
    "26053": 24322
  },
  "18": {
    "26766": 25701
  },
  "19": {
    "72018": 67946
  },
  "20": {
    "69418": 79178
  },
  "21": {
    "85042": 86092
  }
}