{
  "0": {
    "23450": 23484
  },
  "1": {
    "33439": 33824,
    "40383": 39670,
    "40594": 31888
  },
  "2": {
    "18775": 17417
  },
  "3": {
    "19580": 22270
  },
  "4": {
    "23746": 24361
  },
  "5": {
    "9127": 7182
  },
  "6": {
    "3611": 11327,
    "8598": 35527
  },
  "7": {
    "34549": 36579
  },
  "8": {
    "44316": 44326
  },
  "9": {
    "44371": 43297
  },
  "10": {
    "6289": 5780,
    "6356": 4415
  },
  "11": {
    "2227": 6940
  },
  "12": {
    "23232": 23232,
    "25261": 24818
  },
  "13": {
    "10063": 7080
  },
  "14": {
    "7091": 7466
  },
  "15": {
    "15305": 18835
  },
  "16": {
    "13127": 28472
  },
  "17": {
    "40540": 42933
  },
  "18": {
    "2035": 1897
  }
}