{
  "0": {
    "42862": 39017
  },
  "1": {
    "1085": 9593
  },
  "2": {
    "65990": 61974
  },
  "3": {
    "30807": 21115
  },
  "4": {
    "19326": 16933,
    "45778": 43352
  },
  "5": {
    "69796": 63621
  },
  "6": {
    "38986": 37506
  },
  "7": {
    "69502": 66638
  },
  "8": {
    "52289": 21072
  },
  "9": {
    "62138": 33299
  },
  "10": {
    "78882": 75089
  },
  "11": {
    "27300": 24442
  },
  "12": {
    "37828": 38712
  },
  "13": {
    "41642": 38351
  },
  "14": {
    "48235": 44755
  },
  "15": {
    "67195": 58856
  },
  "16": {
    "35597": 32170
  },
  "17": {
    "49172": 63737
  },
  "18": {
    "69321": 64286
  },
  "19": {
    "78967": 74616
  },
  "20": {
    "75910": 71368
  },
  "21": {
    "57572": 73412
  },
  "22": {
    "79332": 73083
  },
  "23": {
    "53534": 49455
  },
  "24": {
    "25684": 21543
  },
  "25": {
    "43635": 40651
  },
  "26": {
    "61522": 56420
  },
  "27": {
    "56741": 52414
  },
  "28": {
    "45630": 39686
  },
  "29": {
    "42269": 41411
  }
}