{
  "0": {
    "7408": 19041
  },
  "1": {
    "39135": 40399
  },
  "2": {
    "36664": 38013
  },
  "3": {
    "21543": 23537,
    "23130": 26023
  },
  "4": {
    "12714": 18587
  },
  "5": {
    "11677": 1732
  },
  "6": {
    "10370": 9947
  },
  "7": {
    "27222": 24991
  },
  "8": {
    "5184": 5748
  },
  "9": {
    "3517": 2350
  },
  "10": {
    "10543": 11375
  },
  "11": {
    "6075": 8691
  },
  "12": {
    "6134": 8783
  },
  "13": {
    "11852": 7600
  },
  "14": {
    "7361": 8993
  },
  "15": {
    "5819": 6591
  },
  "16": {
    "8872": 6496
  },
  "17": {
    "16064": 5502
  },
  "18": {
    "34574": 17152,
    "43585": 46349,
    "44952": 44139
  },
  "19": {
    "1676": 2840
  },
  "20": {
    "16205": 15777
  },
  "21": {
    "18056": 17550
  },
  "22": {
    "33131": 33071
  },
  "23": {
    "41141": 40657
  },
  "24": {
    "45124": 44022
  },
  "25": {
    "40812": 39695
  },
  "26": {
    "44945": 45468
  }
}