{
  "0": {
    "70510": 73655
  },
  "1": {
    "5103": 10990
  },
  "2": {
    "89428": 87606
  },
  "3": {
    "19225": 44897
  },
  "4": {
    "67400": 64179
  },
  "5": {
    "44423": 43342,
    "44494": 42939
  },
  "6": {
    "44780": 17773
  },
  "7": {
    "91111": 92342
  },
  "8": {
    "75487": 79279
  },
  "9": {
    "56535": 75633
  },
  "10": {
    "82032": 88914
  },
  "11": {
    "72426": 71444
  },
  "12": {
    "35171": 5972
  },
  "13": {
    "1893": 2426
  },
  "14": {
    "41788": 39245
  },
  "15": {
    "38917": 7089
  },
  "16": {
    "1261": 871
  },
  "17": {
    "31791": 30495
  },
  "18": {
    "28309": 28148
  },
  "19": {
    "29179": 28966
  },
  "20": {
    "14135": 9248
  },
  "21": {
    "12214": 9903
  },
  "22": {
    "11213": 10423
  },
  "23": {
    "32660": 41610
  },
  "24": {
    "62070": 63323
  },
  "25": {
    "78084": 84137
  },
  "26": {
    "21522": 21008
  },
  "27": {
    "40821": 39455
  },
  "28": {
    "59803": 51420
  },
  "29": {
    "77813": 78219
  },
  "30": {
    "72033": 70538
  },
  "31": {
    "49053": 50450,
    "50131": 47701
  },
  "32": {
    "11974": 11200,
    "26537": 22844
  },
  "33": {
    "23602": 20592
  },
  "34": {
    "14784": 14212
  },
  "35": {
    "65823": 67433
  },
  "36": {
    "59130": 63229
  },
  "37": {
    "8412": 17957
  }
}