{
  "0": {
    "9558": 8358
  },
  "1": {
    "12664": 16080
  },
  "2": {
    "25304": 23217
  },
  "3": {
    "6169": 5396
  },
  "4": {
    "22989": 20848
  },
  "5": {
    "15216": 13527
  },
  "6": {
    "8539": 7665
  },
  "7": {
    "13704": 11755
  },
  "8": {
    "23904": 21719
  },
  "9": {
    "13957": 12939
  },
  "10": {
    "22061": 19844
  },
  "11": {
    "27658": 27316
  },
  "12": {
    "24017": 18151
  },
  "13": {
    "1889": 948
  },
  "14": {
    "7823": 6647
  },
  "15": {
    "25530": 23568
  }
}