{
  "0": {
    "21763": 21272
  },
  "1": {
    "19377": 19400,
    "22096": 17536
  },
  "2": {
    "33488": 32574
  },
  "3": {
    "25847": 57186
  },
  "4": {
    "30583": 41420
  },
  "5": {
    "24599": 25978,
    "54532": 53133
  },
  "6": {
    "54983": 44998
  },
  "7": {
    "13482": 13708
  },
  "8": {
    "48355": 48860
  },
  "9": {
    "16368": 17217,
    "18831": 17635
  },
  "10": {
    "42600": 44698
  },
  "11": {
    "1776": 1979
  },
  "12": {
    "1327": 1001
  },
  "13": {
    "9193": 405
  },
  "14": {
    "12312": 12370
  },
  "15": {
    "5465": 6099
  },
  "16": {
    "10253": 6937
  },
  "17": {
    "9081": 15223
  },
  "18": {
    "8961": 9558
  },
  "19": {
    "49701": 43753
  },
  "20": {
    "41609": 42996
  },
  "21": {
    "36474": 34868
  },
  "22": {
    "36869": 35730
  },
  "23": {
    "36578": 33150
  },
  "24": {
    "46208": 43573
  },
  "25": {
    "44121": 44379
  },
  "26": {
    "47997": 44534
  },
  "27": {
    "46452": 45184
  },
  "28": {
    "43324": 43324
  },
  "29": {
    "45121": 43655
  },
  "30": {
    "44058": 45666
  },
  "31": {
    "46412": 46146
  },
  "32": {
    "21030": 21187
  },
  "33": {
    "23270": 53034
  },
  "34": {
    "53983": 55079
  },
  "35": {
    "21151": 51393
  },
  "36": {
    "22631": 21310
  },
  "37": {
    "3844": 3204
  },
  "38": {
    "2292": 2494
  },
  "39": {
    "18597": 17852
  },
  "40": {
    "16547": 16980
  }
}