{
  "0": {
    "33049": 32599
  },
  "1": {
    "52566": 63589
  },
  "2": {
    "11770": 17465
  },
  "3": {
    "102588": 101660
  },
  "4": {
    "85389": 85548
  },
  "5": {
    "57831": 55169
  },
  "6": {
    "43987": 35714
  },
  "7": {
    "47208": 46503
  },
  "8": {
    "13250": 15123
  },
  "9": {
    "106383": 92712
  },
  "10": {
    "92095": 93864
  },
  "11": {
    "84926": 83736
  },
  "12": {
    "55348": 56803
  },
  "13": {
    "56729": 55677
  },
  "14": {
    "18775": 18724
  }
}