{
  "0": {
    "93210": 95107
  },
  "1": {
    "70038": 68730
  },
  "2": {
    "56154": 56213
  },
  "3": {
    "34676": 35161
  },
  "4": {
    "76656": 76635
  },
  "5": {
    "64645": 66104
  },
  "6": {
    "61263": 43088
  },
  "7": {
    "9883": 9498,
    "34607": 35376
  },
  "8": {
    "59757": 79292
  },
  "9": {
    "62017": 82435
  },
  "10": {
    "5657": 2369
  },
  "11": {
    "21634": 25590
  },
  "12": {
    "61073": 62131
  },
  "13": {
    "42707": 17614
  },
  "14": {
    "17160": 17138
  },
  "15": {
    "2826": 5434
  },
  "16": {
    "44326": 45310
  },
  "17": {
    "49320": 45515,
    "67186": 67573
  }
}