{
  "0": {
    "3760": 4810
  },
  "1": {
    "4961": 4152
  },
  "2": {
    "23584": 26427
  },
  "3": {
    "16672": 18759
  },
  "4": {
    "19923": 17648
  },
  "5": {
    "39901": 39146
  },
  "6": {
    "40180": 39453
  },
  "7": {
    "31587": 18521
  },
  "8": {
    "41198": 39845
  },
  "9": {
    "3719": 19250
  },
  "10": {
    "24996": 23946
  },
  "11": {
    "35215": 33267
  },
  "12": {
    "35437": 36561
  },
  "13": {
    "34943": 34669
  },
  "14": {
    "35263": 33398
  },
  "15": {
    "33261": 34886
  },
  "16": {
    "29032": 33225
  },
  "17": {
    "32064": 33899
  },
  "18": {
    "34191": 32943
  },
  "19": {
    "40039": 40038,
    "42322": 41645
  },
  "20": {
    "40294": 41558,
    "40941": 40941
  },
  "21": {
    "40198": 38482
  },
  "22": {
    "24294": 22971
  },
  "23": {
    "28215": 27839,
    "29772": 29919
  },
  "24": {
    "13569": 12577
  },
  "25": {
    "29399": 13695
  },
  "26": {
    "10612": 14359
  },
  "27": {
    "14313": 12407
  },
  "28": {
    "5783": 5630
  },
  "29": {
    "9797": 9829
  },
  "30": {
    "22385": 21186
  }
}