{
  "0": {
    "16856": 12186,
    "17880": 11579
  },
  "1": {
    "21336": 16014
  },
  "2": {
    "21883": 16032
  },
  "3": {
    "24305": 20036
  },
  "4": {
    "33973": 22644
  },
  "5": {
    "19327": 14165
  },
  "6": {
    "17876": 11878
  },
  "7": {
    "4988": 165,
    "6875": 2522
  },
  "8": {
    "19139": 2183
  },
  "9": {
    "23749": 7397
  },
  "10": {
    "10833": 5059
  },
  "11": {
    "9180": 4456
  },
  "12": {
    "21037": 16682,
    "34216": 31090
  },
  "13": {
    "11403": 7110
  },
  "14": {
    "14756": 9825
  },
  "15": {
    "15296": 10110
  },
  "16": {
    "15879": 10473
  },
  "17": {
    "25871": 19782
  },
  "18": {
    "15388": 14489
  },
  "19": {
    "16020": 10642
  },
  "20": {
    "19662": 11032
  },
  "21": {
    "31995": 26941
  },
  "22": {
    "32430": 27077
  },
  "23": {
    "32543": 19745
  },
  "24": {
    "30250": 26535,
    "31305": 25133
  },
  "25": {
    "38655": 33545
  }
}