{
  "0": {
    "65473": 65984
  },
  "1": {
    "52105": 90426
  },
  "2": {
    "66576": 63543
  },
  "3": {
    "73775": 74915
  },
  "4": {
    "46389": 46987
  },
  "5": {
    "95351": 94251
  },
  "6": {
    "102568": 84260
  },
  "7": {
    "31912": 32602
  },
  "8": {
    "18366": 14611
  },
  "9": {
    "40472": 39403
  },
  "10": {
    "12592": 10677
  },
  "11": {
    "9374": 29024
  },
  "12": {
    "30269": 29073
  },
  "13": {
    "97792": 97220
  },
  "14": {
    "100371": 103741
  },
  "15": {
    "112480": 107986
  }
}