{
  "0": {
    "18908": 18451
  },
  "1": {
    "18763": 19002
  },
  "2": {
    "22398": 19559
  },
  "3": {
    "19096": 18870
  },
  "4": {
    "24634": 24782,
    "34341": 33977
  },
  "5": {
    "9578": 8976
  },
  "6": {
    "29773": 27280
  },
  "7": {
    "44134": 43892
  },
  "8": {
    "38863": 35089
  },
  "9": {
    "9056": 16783
  },
  "10": {
    "17584": 17956
  },
  "11": {
    "19469": 12761
  },
  "12": {
    "18732": 18400
  },
  "13": {
    "4636": 5686
  },
  "14": {
    "6168": 4312
  },
  "15": {
    "6201": 4541
  },
  "16": {
    "11634": 15857
  },
  "17": {
    "6989": 22067,
    "7614": 7377
  },
  "18": {
    "4843": 3693
  },
  "19": {
    "5321": 6429
  },
  "20": {
    "6388": 5704
  },
  "21": {
    "3467": 5366
  },
  "22": {
    "9754": 9467
  },
  "23": {
    "43840": 43880
  },
  "24": {
    "17758": 17150
  },
  "25": {
    "31188": 31102
  },
  "26": {
    "23361": 24134
  }
}