{
  "0": {
    "35448": 35413
  },
  "1": {
    "53282": 53067
  },
  "2": {
    "4579": 5276
  },
  "3": {
    "4252": 19454
  },
  "4": {
    "20417": 16007
  },
  "5": {
    "18070": 3477
  },
  "6": {
    "53220": 50602
  },
  "7": {
    "28838": 29154
  },
  "8": {
    "2232": 2493
  },
  "9": {
    "32628": 21852
  },
  "10": {
    "42015": 43684
  },
  "11": {
    "24356": 25806
  },
  "12": {
    "40210": 44961
  },
  "13": {
    "17877": 17632
  },
  "14": {
    "33645": 34304
  },
  "15": {
    "32352": 32106
  },
  "16": {
    "56838": 58064
  },
  "17": {
    "55436": 57770,
    "64884": 65665
  },
  "18": {
    "63777": 63867,
    "67652": 68745,
    "68979": 69528
  },
  "19": {
    "3683": 25338
  },
  "20": {
    "6832": 5080
  },
  "21": {
    "25863": 26408
  },
  "22": {
    "47819": 48082
  },
  "23": {
    "44395": 21051
  },
  "24": {
    "18481": 18727
  }
}