{
  "0": {
    "12259": 5378
  },
  "1": {
    "51106": 40869
  },
  "2": {
    "57127": 47838
  },
  "3": {
    "21374": 9989
  },
  "4": {
    "69197": 60105
  },
  "5": {
    "28560": 15631
  },
  "6": {
    "18013": 9745
  },
  "7": {
    "24209": 13539
  },
  "8": {
    "24215": 6827
  },
  "9": {
    "42821": 37090
  },
  "10": {
    "71799": 62575
  },
  "11": {
    "63483": 56134
  },
  "12": {
    "13565": 3575,
    "28290": 17875,
    "37037": 24930
  },
  "13": {
    "11173": 703
  },
  "14": {
    "41047": 31000
  },
  "15": {
    "52880": 40575
  },
  "16": {
    "51424": 43309
  },
  "17": {
    "74136": 59095
  },
  "18": {
    "70318": 60127
  },
  "19": {
    "29438": 21045
  },
  "20": {
    "29442": 19314
  },
  "21": {
    "30408": 12577
  },
  "22": {
    "30690": 19861
  },
  "23": {
    "28788": 19872
  },
  "24": {
    "36399": 26499
  },
  "25": {
    "57859": 64580
  },
  "26": {
    "55920": 46135
  }
}