{
  "0": {
    "10617": 49773
  },
  "1": {
    "56982": 55314
  },
  "2": {
    "68952": 69012
  },
  "3": {
    "44311": 41611
  },
  "4": {
    "25889": 28470
  },
  "5": {
    "32441": 32467
  },
  "6": {
    "24430": 24987
  },
  "7": {
    "55137": 55858
  },
  "8": {
    "54038": 54101
  },
  "9": {
    "8146": 10897
  },
  "10": {
    "36348": 19303
  },
  "11": {
    "17822": 21442
  },
  "12": {
    "51302": 57230
  },
  "13": {
    "52514": 52263
  },
  "14": {
    "71390": 71403
  },
  "15": {
    "30880": 30880
  }
}