{
  "0": {
    "1767": 1336,
    "2028": 1286
  },
  "1": {
    "6571": 3187
  },
  "2": {
    "15873": 15623
  },
  "3": {
    "29298": 27602
  },
  "4": {
    "3601": 3531
  },
  "5": {
    "30430": 29890
  },
  "6": {
    "8710": 11118,
    "25749": 24231
  },
  "7": {
    "25260": 26812
  },
  "8": {
    "31046": 31126
  },
  "9": {
    "28628": 25769
  },
  "10": {
    "28611": 27798
  },
  "11": {
    "27668": 28782
  },
  "12": {
    "30294": 28250
  },
  "13": {
    "32306": 31821
  },
  "14": {
    "9040": 8746
  },
  "15": {
    "19751": 20194
  },
  "16": {
    "6602": 6957
  },
  "17": {
    "10728": 15517
  },
  "18": {
    "8250": 8460,
    "8919": 9345
  }
}